{"HOME": {"x": 222, "y": 1, "z": 423}, "Home": "Home", "HOME2": {"position": {"x": 0.20211236, "y": 0.0010813697, "z": 0.38191164}, "orientation": {"w": 0.016425267, "x": 0.723338, "y": -0.69013005, "z": -0.015256924}}}